T,P(eq),Ln(Peq),1/T
562,0.604,-0.504181081,1.779359431
570,0.725,-0.321583624,1.754385965
578,0.824,-0.193584749,1.730103806
587,0.971,-0.029428811,1.703577513