"T, K",P(eq),Ln(Peq),1/T
572,5.0111,1.611655452,1.748251748
580,5.905,1.77579945,1.724137931
588,6.7092,1.903479719,1.700680272
597,7.3984,2.001263761,1.675041876