T,P(eq),Ln(Peq),1/T
578,0.124,-2.087473713,1.730103806
588,0.151,-1.890475442,1.700680272
599,0.195,-1.63475572,1.669449082
609,0.234,-1.452434164,1.642036125